"918","2014","19","24","Abu Dhabi Grand Prix","2014-11-23","13:00:00","http://en.wikipedia.org/wiki/2014_Abu_Dhabi_Grand_Prix"
"917","2014","18","18","Brazilian Grand Prix","2014-11-09","16:00:00","http://en.wikipedia.org/wiki/2014_Brazilian_Grand_Prix"
"916","2014","17","69","United States Grand Prix","2014-11-02","20:00:00","http://en.wikipedia.org/wiki/2014_United_States_Grand_Prix"
"139","2002","16","19","United States Grand Prix","2002-09-29",NULL,"http://en.wikipedia.org/wiki/2002_United_States_Grand_Prix"
"138","2002","15","14","Italian Grand Prix","2002-09-15",NULL,"http://en.wikipedia.org/wiki/2002_Italian_Grand_Prix"
"137","2002","14","13","Belgian Grand Prix","2002-09-01",NULL,"http://en.wikipedia.org/wiki/2002_Belgian_Grand_Prix"
"136","2002","13","11","Hungarian Grand Prix","2002-08-18",NULL,"http://en.wikipedia.org/wiki/2002_Hungarian_Grand_Prix"
"135","2002","12","10","German Grand Prix","2002-07-28",NULL,"http://en.wikipedia.org/wiki/2002_German_Grand_Prix"
"134","2002","11","8","French Grand Prix","2002-07-21",NULL,"http://en.wikipedia.org/wiki/2002_French_Grand_Prix"
"133","2002","10","9","British Grand Prix","2002-07-07",NULL,"http://en.wikipedia.org/wiki/2002_British_Grand_Prix"
"132","2002","9","20","European Grand Prix","2002-06-23",NULL,"http://en.wikipedia.org/wiki/2002_European_Grand_Prix"
"131","2002","8","7","Canadian Grand Prix","2002-06-09",NULL,"http://en.wikipedia.org/wiki/2002_Canadian_Grand_Prix"
"130","2002","7","6","Monaco Grand Prix","2002-05-26",NULL,"http://en.wikipedia.org/wiki/2002_Monaco_Grand_Prix"
"129","2002","6","23","Austrian Grand Prix","2002-05-12",NULL,"http://en.wikipedia.org/wiki/2002_Austrian_Grand_Prix"
"128","2002","5","4","Spanish Grand Prix","2002-04-28",NULL,"http://en.wikipedia.org/wiki/2002_Spanish_Grand_Prix"
"127","2002","4","21","San Marino Grand Prix","2002-04-14",NULL,"http://en.wikipedia.org/wiki/2002_San_Marino_Grand_Prix"
"126","2002","3","18","Brazilian Grand Prix","2002-03-31",NULL,"http://en.wikipedia.org/wiki/2002_Brazilian_Grand_Prix"
"124","2002","1","1","Australian Grand Prix","2002-03-03",NULL,"http://en.wikipedia.org/wiki/2002_Australian_Grand_Prix"
"157","2001","17","22","Japanese Grand Prix","2001-10-14",NULL,"http://en.wikipedia.org/wiki/2001_Japanese_Grand_Prix"
"155","2001","15","14","Italian Grand Prix","2001-09-16",NULL,"http://en.wikipedia.org/wiki/2001_Italian_Grand_Prix"
"154","2001","14","13","Belgian Grand Prix","2001-09-02",NULL,"http://en.wikipedia.org/wiki/2001_Belgian_Grand_Prix"
"153","2001","13","11","Hungarian Grand Prix","2001-08-19",NULL,"http://en.wikipedia.org/wiki/2001_Hungarian_Grand_Prix"
"152","2001","12","10","German Grand Prix","2001-07-29",NULL,"http://en.wikipedia.org/wiki/2001_German_Grand_Prix"
"151","2001","11","9","British Grand Prix","2001-07-15",NULL,"http://en.wikipedia.org/wiki/2001_British_Grand_Prix"
"150","2001","10","8","French Grand Prix","2001-07-01",NULL,"http://en.wikipedia.org/wiki/2001_French_Grand_Prix"
"149","2001","9","20","European Grand Prix","2001-06-24",NULL,"http://en.wikipedia.org/wiki/2001_European_Grand_Prix"
"148","2001","8","7","Canadian Grand Prix","2001-06-10",NULL,"http://en.wikipedia.org/wiki/2001_Canadian_Grand_Prix"
"147","2001","7","6","Monaco Grand Prix","2001-05-27",NULL,"http://en.wikipedia.org/wiki/2001_Monaco_Grand_Prix"
"146","2001","6","23","Austrian Grand Prix","2001-05-13",NULL,"http://en.wikipedia.org/wiki/2001_Austrian_Grand_Prix"
"145","2001","5","4","Spanish Grand Prix","2001-04-29",NULL,"http://en.wikipedia.org/wiki/2001_Spanish_Grand_Prix"
"144","2001","4","21","San Marino Grand Prix","2001-04-15",NULL,"http://en.wikipedia.org/wiki/2001_San_Marino_Grand_Prix"
"143","2001","3","18","Brazilian Grand Prix","2001-04-01",NULL,"http://en.wikipedia.org/wiki/2001_Brazilian_Grand_Prix"
"142","2001","2","2","Malaysian Grand Prix","2001-03-18",NULL,"http://en.wikipedia.org/wiki/2001_Malaysian_Grand_Prix"
"141","2001","1","1","Australian Grand Prix","2001-03-04",NULL,"http://en.wikipedia.org/wiki/2001_Australian_Grand_Prix"
"174","2000","17","2","Malaysian Grand Prix","2000-10-22",NULL,"http://en.wikipedia.org/wiki/2000_Malaysian_Grand_Prix"
"172","2000","15","19","United States Grand Prix","2000-09-24",NULL,"http://en.wikipedia.org/wiki/2000_United_States_Grand_Prix"
"171","2000","14","14","Italian Grand Prix","2000-09-10",NULL,"http://en.wikipedia.org/wiki/2000_Italian_Grand_Prix"
"170","2000","13","13","Belgian Grand Prix","2000-08-27",NULL,"http://en.wikipedia.org/wiki/2000_Belgian_Grand_Prix"
"169","2000","12","11","Hungarian Grand Prix","2000-08-13",NULL,"http://en.wikipedia.org/wiki/2000_Hungarian_Grand_Prix"
"168","2000","11","10","German Grand Prix","2000-07-30",NULL,"http://en.wikipedia.org/wiki/2000_German_Grand_Prix"
"167","2000","10","23","Austrian Grand Prix","2000-07-16",NULL,"http://en.wikipedia.org/wiki/2000_Austrian_Grand_Prix"
"166","2000","9","8","French Grand Prix","2000-07-02",NULL,"http://en.wikipedia.org/wiki/2000_French_Grand_Prix"
"165","2000","8","7","Canadian Grand Prix","2000-06-18",NULL,"http://en.wikipedia.org/wiki/2000_Canadian_Grand_Prix"
"164","2000","7","6","Monaco Grand Prix","2000-06-04",NULL,"http://en.wikipedia.org/wiki/2000_Monaco_Grand_Prix"
"163","2000","6","20","European Grand Prix","2000-05-21",NULL,"http://en.wikipedia.org/wiki/2000_European_Grand_Prix"
"162","2000","5","4","Spanish Grand Prix","2000-05-07",NULL,"http://en.wikipedia.org/wiki/2000_Spanish_Grand_Prix"
"159","2000","2","18","Brazilian Grand Prix","2000-03-26",NULL,"http://en.wikipedia.org/wiki/2000_Brazilian_Grand_Prix"
"190","1999","16","22","Japanese Grand Prix","1999-10-31",NULL,"http://en.wikipedia.org/wiki/1999_Japanese_Grand_Prix"
"189","1999","15","2","Malaysian Grand Prix","1999-10-17",NULL,"http://en.wikipedia.org/wiki/1999_Malaysian_Grand_Prix"
"188","1999","14","20","European Grand Prix","1999-09-26",NULL,"http://en.wikipedia.org/wiki/1999_European_Grand_Prix"
"187","1999","13","14","Italian Grand Prix","1999-09-12",NULL,"http://en.wikipedia.org/wiki/1999_Italian_Grand_Prix"
"186","1999","12","13","Belgian Grand Prix","1999-08-29",NULL,"http://en.wikipedia.org/wiki/1999_Belgian_Grand_Prix"
"185","1999","11","11","Hungarian Grand Prix","1999-08-15",NULL,"http://en.wikipedia.org/wiki/1999_Hungarian_Grand_Prix"
"184","1999","10","10","German Grand Prix","1999-08-01",NULL,"http://en.wikipedia.org/wiki/1999_German_Grand_Prix"
"183","1999","9","23","Austrian Grand Prix","1999-07-25",NULL,"http://en.wikipedia.org/wiki/1999_Austrian_Grand_Prix"
"182","1999","8","9","British Grand Prix","1999-07-11",NULL,"http://en.wikipedia.org/wiki/1999_British_Grand_Prix"
"181","1999","7","8","French Grand Prix","1999-06-27",NULL,"http://en.wikipedia.org/wiki/1999_French_Grand_Prix"
"180","1999","6","7","Canadian Grand Prix","1999-06-13",NULL,"http://en.wikipedia.org/wiki/1999_Canadian_Grand_Prix"
"179","1999","5","4","Spanish Grand Prix","1999-05-30",NULL,"http://en.wikipedia.org/wiki/1999_Spanish_Grand_Prix"
"178","1999","4","6","Monaco Grand Prix","1999-05-16",NULL,"http://en.wikipedia.org/wiki/1999_Monaco_Grand_Prix"
"206","1998","16","22","Japanese Grand Prix","1998-11-01",NULL,"http://en.wikipedia.org/wiki/1998_Japanese_Grand_Prix"
"205","1998","15","20","Luxembourg Grand Prix","1998-09-27",NULL,"http://en.wikipedia.org/wiki/1998_Luxembourg_Grand_Prix"
"204","1998","14","14","Italian Grand Prix","1998-09-13",NULL,"http://en.wikipedia.org/wiki/1998_Italian_Grand_Prix"
"202","1998","12","11","Hungarian Grand Prix","1998-08-16",NULL,"http://en.wikipedia.org/wiki/1998_Hungarian_Grand_Prix"
"198","1998","8","8","French Grand Prix","1998-06-28",NULL,"http://en.wikipedia.org/wiki/1998_French_Grand_Prix"
"197","1998","7","7","Canadian Grand Prix","1998-06-07",NULL,"http://en.wikipedia.org/wiki/1998_Canadian_Grand_Prix"
"196","1998","6","6","Monaco Grand Prix","1998-05-24",NULL,"http://en.wikipedia.org/wiki/1998_Monaco_Grand_Prix"
"195","1998","5","4","Spanish Grand Prix","1998-05-10",NULL,"http://en.wikipedia.org/wiki/1998_Spanish_Grand_Prix"
"194","1998","4","21","San Marino Grand Prix","1998-04-26",NULL,"http://en.wikipedia.org/wiki/1998_San_Marino_Grand_Prix"
"223","1997","17","26","European Grand Prix","1997-10-26",NULL,"http://en.wikipedia.org/wiki/1997_European_Grand_Prix"
"222","1997","16","22","Japanese Grand Prix","1997-10-12",NULL,"http://en.wikipedia.org/wiki/1997_Japanese_Grand_Prix"
"221","1997","15","20","Luxembourg Grand Prix","1997-09-28",NULL,"http://en.wikipedia.org/wiki/1997_Luxembourg_Grand_Prix"
"220","1997","14","23","Austrian Grand Prix","1997-09-21",NULL,"http://en.wikipedia.org/wiki/1997_Austrian_Grand_Prix"
"219","1997","13","14","Italian Grand Prix","1997-09-07",NULL,"http://en.wikipedia.org/wiki/1997_Italian_Grand_Prix"
"218","1997","12","13","Belgian Grand Prix","1997-08-24",NULL,"http://en.wikipedia.org/wiki/1997_Belgian_Grand_Prix"
"217","1997","11","11","Hungarian Grand Prix","1997-08-10",NULL,"http://en.wikipedia.org/wiki/1997_Hungarian_Grand_Prix"
"239","1996","16","22","Japanese Grand Prix","1996-10-13",NULL,"http://en.wikipedia.org/wiki/1996_Japanese_Grand_Prix"
"238","1996","15","27","Portuguese Grand Prix","1996-09-22",NULL,"http://en.wikipedia.org/wiki/1996_Portuguese_Grand_Prix"
"237","1996","14","14","Italian Grand Prix","1996-09-08",NULL,"http://en.wikipedia.org/wiki/1996_Italian_Grand_Prix"
"236","1996","13","13","Belgian Grand Prix","1996-08-25",NULL,"http://en.wikipedia.org/wiki/1996_Belgian_Grand_Prix"
"235","1996","12","11","Hungarian Grand Prix","1996-08-11",NULL,"http://en.wikipedia.org/wiki/1996_Hungarian_Grand_Prix"
"234","1996","11","10","German Grand Prix","1996-07-28",NULL,"http://en.wikipedia.org/wiki/1996_German_Grand_Prix"
"233","1996","10","9","British Grand Prix","1996-07-14",NULL,"http://en.wikipedia.org/wiki/1996_British_Grand_Prix"
"232","1996","9","8","French Grand Prix","1996-06-30",NULL,"http://en.wikipedia.org/wiki/1996_French_Grand_Prix"
"231","1996","8","7","Canadian Grand Prix","1996-06-16",NULL,"http://en.wikipedia.org/wiki/1996_Canadian_Grand_Prix"
"260","1994","4","6","Monaco Grand Prix","1994-05-15",NULL,"http://en.wikipedia.org/wiki/1994_Monaco_Grand_Prix"
"288","1993","16","29","Australian Grand Prix","1993-11-07",NULL,"http://en.wikipedia.org/wiki/1993_Australian_Grand_Prix"
"287","1993","15","22","Japanese Grand Prix","1993-10-24",NULL,"http://en.wikipedia.org/wiki/1993_Japanese_Grand_Prix"
"286","1993","14","27","Portuguese Grand Prix","1993-09-26",NULL,"http://en.wikipedia.org/wiki/1993_Portuguese_Grand_Prix"
"285","1993","13","14","Italian Grand Prix","1993-09-12",NULL,"http://en.wikipedia.org/wiki/1993_Italian_Grand_Prix"
"284","1993","12","13","Belgian Grand Prix","1993-08-29",NULL,"http://en.wikipedia.org/wiki/1993_Belgian_Grand_Prix"
"283","1993","11","11","Hungarian Grand Prix","1993-08-15",NULL,"http://en.wikipedia.org/wiki/1993_Hungarian_Grand_Prix"
"282","1993","10","10","German Grand Prix","1993-07-25",NULL,"http://en.wikipedia.org/wiki/1993_German_Grand_Prix"
"281","1993","9","9","British Grand Prix","1993-07-11",NULL,"http://en.wikipedia.org/wiki/1993_British_Grand_Prix"
"280","1993","8","8","French Grand Prix","1993-07-04",NULL,"http://en.wikipedia.org/wiki/1993_French_Grand_Prix"
"279","1993","7","7","Canadian Grand Prix","1993-06-13",NULL,"http://en.wikipedia.org/wiki/1993_Canadian_Grand_Prix"
"278","1993","6","6","Monaco Grand Prix","1993-05-23",NULL,"http://en.wikipedia.org/wiki/1993_Monaco_Grand_Prix"
"277","1993","5","4","Spanish Grand Prix","1993-05-09",NULL,"http://en.wikipedia.org/wiki/1993_Spanish_Grand_Prix"
"276","1993","4","21","San Marino Grand Prix","1993-04-25",NULL,"http://en.wikipedia.org/wiki/1993_San_Marino_Grand_Prix"
"275","1993","3","31","European Grand Prix","1993-04-11",NULL,"http://en.wikipedia.org/wiki/1993_European_Grand_Prix"
"274","1993","2","18","Brazilian Grand Prix","1993-03-28",NULL,"http://en.wikipedia.org/wiki/1993_Brazilian_Grand_Prix"
"273","1993","1","30","South African Grand Prix","1993-03-14",NULL,"http://en.wikipedia.org/wiki/1993_South_African_Grand_Prix"
"304","1992","16","29","Australian Grand Prix","1992-11-08",NULL,"http://en.wikipedia.org/wiki/1992_Australian_Grand_Prix"
"303","1992","15","22","Japanese Grand Prix","1992-10-25",NULL,"http://en.wikipedia.org/wiki/1992_Japanese_Grand_Prix"
"302","1992","14","27","Portuguese Grand Prix","1992-09-27",NULL,"http://en.wikipedia.org/wiki/1992_Portuguese_Grand_Prix"
"301","1992","13","14","Italian Grand Prix","1992-09-13",NULL,"http://en.wikipedia.org/wiki/1992_Italian_Grand_Prix"
"300","1992","12","13","Belgian Grand Prix","1992-08-30",NULL,"http://en.wikipedia.org/wiki/1992_Belgian_Grand_Prix"
"299","1992","11","11","Hungarian Grand Prix","1992-08-16",NULL,"http://en.wikipedia.org/wiki/1992_Hungarian_Grand_Prix"
"298","1992","10","10","German Grand Prix","1992-07-26",NULL,"http://en.wikipedia.org/wiki/1992_German_Grand_Prix"
"297","1992","9","9","British Grand Prix","1992-07-12",NULL,"http://en.wikipedia.org/wiki/1992_British_Grand_Prix"
"296","1992","8","8","French Grand Prix","1992-07-05",NULL,"http://en.wikipedia.org/wiki/1992_French_Grand_Prix"
"295","1992","7","7","Canadian Grand Prix","1992-06-14",NULL,"http://en.wikipedia.org/wiki/1992_Canadian_Grand_Prix"
"294","1992","6","6","Monaco Grand Prix","1992-05-31",NULL,"http://en.wikipedia.org/wiki/1992_Monaco_Grand_Prix"
"293","1992","5","21","San Marino Grand Prix","1992-05-17",NULL,"http://en.wikipedia.org/wiki/1992_San_Marino_Grand_Prix"
"292","1992","4","4","Spanish Grand Prix","1992-05-03",NULL,"http://en.wikipedia.org/wiki/1992_Spanish_Grand_Prix"
"291","1992","3","18","Brazilian Grand Prix","1992-04-05",NULL,"http://en.wikipedia.org/wiki/1992_Brazilian_Grand_Prix"
"290","1992","2","32","Mexican Grand Prix","1992-03-22",NULL,"http://en.wikipedia.org/wiki/1992_Mexican_Grand_Prix"
"289","1992","1","30","South African Grand Prix","1992-03-01",NULL,"http://en.wikipedia.org/wiki/1992_South_African_Grand_Prix"
"320","1991","16","29","Australian Grand Prix","1991-11-03",NULL,"http://en.wikipedia.org/wiki/1991_Australian_Grand_Prix"
"319","1991","15","22","Japanese Grand Prix","1991-10-20",NULL,"http://en.wikipedia.org/wiki/1991_Japanese_Grand_Prix"
"318","1991","14","4","Spanish Grand Prix","1991-09-29",NULL,"http://en.wikipedia.org/wiki/1991_Spanish_Grand_Prix"
"317","1991","13","27","Portuguese Grand Prix","1991-09-22",NULL,"http://en.wikipedia.org/wiki/1991_Portuguese_Grand_Prix"
"316","1991","12","14","Italian Grand Prix","1991-09-08",NULL,"http://en.wikipedia.org/wiki/1991_Italian_Grand_Prix"
"315","1991","11","13","Belgian Grand Prix","1991-08-25",NULL,"http://en.wikipedia.org/wiki/1991_Belgian_Grand_Prix"
"314","1991","10","11","Hungarian Grand Prix","1991-08-11",NULL,"http://en.wikipedia.org/wiki/1991_Hungarian_Grand_Prix"
"313","1991","9","10","German Grand Prix","1991-07-28",NULL,"http://en.wikipedia.org/wiki/1991_German_Grand_Prix"
"312","1991","8","9","British Grand Prix","1991-07-14",NULL,"http://en.wikipedia.org/wiki/1991_British_Grand_Prix"
"311","1991","7","8","French Grand Prix","1991-07-07",NULL,"http://en.wikipedia.org/wiki/1991_French_Grand_Prix"
"310","1991","6","32","Mexican Grand Prix","1991-06-16",NULL,"http://en.wikipedia.org/wiki/1991_Mexican_Grand_Prix"
"309","1991","5","7","Canadian Grand Prix","1991-06-02",NULL,"http://en.wikipedia.org/wiki/1991_Canadian_Grand_Prix"
"308","1991","4","6","Monaco Grand Prix","1991-05-12",NULL,"http://en.wikipedia.org/wiki/1991_Monaco_Grand_Prix"
"307","1991","3","21","San Marino Grand Prix","1991-04-28",NULL,"http://en.wikipedia.org/wiki/1991_San_Marino_Grand_Prix"
"306","1991","2","18","Brazilian Grand Prix","1991-03-24",NULL,"http://en.wikipedia.org/wiki/1991_Brazilian_Grand_Prix"
"305","1991","1","33","United States Grand Prix","1991-03-10",NULL,"http://en.wikipedia.org/wiki/1991_United_States_Grand_Prix"
"336","1990","16","29","Australian Grand Prix","1990-11-04",NULL,"http://en.wikipedia.org/wiki/1990_Australian_Grand_Prix"
"335","1990","15","22","Japanese Grand Prix","1990-10-21",NULL,"http://en.wikipedia.org/wiki/1990_Japanese_Grand_Prix"
"334","1990","14","26","Spanish Grand Prix","1990-09-30",NULL,"http://en.wikipedia.org/wiki/1990_Spanish_Grand_Prix"
"333","1990","13","27","Portuguese Grand Prix","1990-09-23",NULL,"http://en.wikipedia.org/wiki/1990_Portuguese_Grand_Prix"
"332","1990","12","14","Italian Grand Prix","1990-09-09",NULL,"http://en.wikipedia.org/wiki/1990_Italian_Grand_Prix"
"331","1990","11","13","Belgian Grand Prix","1990-08-26",NULL,"http://en.wikipedia.org/wiki/1990_Belgian_Grand_Prix"
"330","1990","10","11","Hungarian Grand Prix","1990-08-12",NULL,"http://en.wikipedia.org/wiki/1990_Hungarian_Grand_Prix"
"329","1990","9","10","German Grand Prix","1990-07-29",NULL,"http://en.wikipedia.org/wiki/1990_German_Grand_Prix"
"328","1990","8","9","British Grand Prix","1990-07-15",NULL,"http://en.wikipedia.org/wiki/1990_British_Grand_Prix"
"327","1990","7","34","French Grand Prix","1990-07-08",NULL,"http://en.wikipedia.org/wiki/1990_French_Grand_Prix"
"326","1990","6","32","Mexican Grand Prix","1990-06-24",NULL,"http://en.wikipedia.org/wiki/1990_Mexican_Grand_Prix"
"325","1990","5","7","Canadian Grand Prix","1990-06-10",NULL,"http://en.wikipedia.org/wiki/1990_Canadian_Grand_Prix"
"324","1990","4","6","Monaco Grand Prix","1990-05-27",NULL,"http://en.wikipedia.org/wiki/1990_Monaco_Grand_Prix"
"323","1990","3","21","San Marino Grand Prix","1990-05-13",NULL,"http://en.wikipedia.org/wiki/1990_San_Marino_Grand_Prix"
"322","1990","2","18","Brazilian Grand Prix","1990-03-25",NULL,"http://en.wikipedia.org/wiki/1990_Brazilian_Grand_Prix"
"321","1990","1","33","United States Grand Prix","1990-03-11",NULL,"http://en.wikipedia.org/wiki/1990_United_States_Grand_Prix"
"371","1989","16","29","Australian Grand Prix","1989-11-05",NULL,"http://en.wikipedia.org/wiki/1989_Australian_Grand_Prix"
"370","1989","15","22","Japanese Grand Prix","1989-10-22",NULL,"http://en.wikipedia.org/wiki/1989_Japanese_Grand_Prix"
"369","1989","14","26","Spanish Grand Prix","1989-10-01",NULL,"http://en.wikipedia.org/wiki/1989_Spanish_Grand_Prix"
"368","1989","13","27","Portuguese Grand Prix","1989-09-24",NULL,"http://en.wikipedia.org/wiki/1989_Portuguese_Grand_Prix"
"367","1989","12","14","Italian Grand Prix","1989-09-10",NULL,"http://en.wikipedia.org/wiki/1989_Italian_Grand_Prix"
"366","1989","11","13","Belgian Grand Prix","1989-08-27",NULL,"http://en.wikipedia.org/wiki/1989_Belgian_Grand_Prix"
"365","1989","10","11","Hungarian Grand Prix","1989-08-13",NULL,"http://en.wikipedia.org/wiki/1989_Hungarian_Grand_Prix"
"364","1989","9","10","German Grand Prix","1989-07-30",NULL,"http://en.wikipedia.org/wiki/1989_German_Grand_Prix"
"363","1989","8","9","British Grand Prix","1989-07-16",NULL,"http://en.wikipedia.org/wiki/1989_British_Grand_Prix"
"362","1989","7","34","French Grand Prix","1989-07-09",NULL,"http://en.wikipedia.org/wiki/1989_French_Grand_Prix"
"361","1989","6","7","Canadian Grand Prix","1989-06-18",NULL,"http://en.wikipedia.org/wiki/1989_Canadian_Grand_Prix"
"360","1989","5","33","United States Grand Prix","1989-06-04",NULL,"http://en.wikipedia.org/wiki/1989_United_States_Grand_Prix"
"359","1989","4","32","Mexican Grand Prix","1989-05-28",NULL,"http://en.wikipedia.org/wiki/1989_Mexican_Grand_Prix"
"358","1989","3","6","Monaco Grand Prix","1989-05-07",NULL,"http://en.wikipedia.org/wiki/1989_Monaco_Grand_Prix"
"357","1989","2","21","San Marino Grand Prix","1989-04-23",NULL,"http://en.wikipedia.org/wiki/1989_San_Marino_Grand_Prix"
"356","1989","1","36","Brazilian Grand Prix","1989-03-26",NULL,"http://en.wikipedia.org/wiki/1989_Brazilian_Grand_Prix"
"387","1988","16","29","Australian Grand Prix","1988-11-13",NULL,"http://en.wikipedia.org/wiki/1988_Australian_Grand_Prix"
"386","1988","15","22","Japanese Grand Prix","1988-10-30",NULL,"http://en.wikipedia.org/wiki/1988_Japanese_Grand_Prix"
"385","1988","14","26","Spanish Grand Prix","1988-10-02",NULL,"http://en.wikipedia.org/wiki/1988_Spanish_Grand_Prix"
"384","1988","13","27","Portuguese Grand Prix","1988-09-25",NULL,"http://en.wikipedia.org/wiki/1988_Portuguese_Grand_Prix"
"383","1988","12","14","Italian Grand Prix","1988-09-11",NULL,"http://en.wikipedia.org/wiki/1988_Italian_Grand_Prix"
"382","1988","11","13","Belgian Grand Prix","1988-08-28",NULL,"http://en.wikipedia.org/wiki/1988_Belgian_Grand_Prix"
"381","1988","10","11","Hungarian Grand Prix","1988-08-07",NULL,"http://en.wikipedia.org/wiki/1988_Hungarian_Grand_Prix"
"380","1988","9","10","German Grand Prix","1988-07-24",NULL,"http://en.wikipedia.org/wiki/1988_German_Grand_Prix"
"379","1988","8","9","British Grand Prix","1988-07-10",NULL,"http://en.wikipedia.org/wiki/1988_British_Grand_Prix"
"378","1988","7","34","French Grand Prix","1988-07-03",NULL,"http://en.wikipedia.org/wiki/1988_French_Grand_Prix"
"377","1988","6","37","Detroit Grand Prix","1988-06-19",NULL,"http://en.wikipedia.org/wiki/1988_Detroit_Grand_Prix"
"376","1988","5","7","Canadian Grand Prix","1988-06-12",NULL,"http://en.wikipedia.org/wiki/1988_Canadian_Grand_Prix"
"375","1988","4","32","Mexican Grand Prix","1988-05-29",NULL,"http://en.wikipedia.org/wiki/1988_Mexican_Grand_Prix"
"374","1988","3","6","Monaco Grand Prix","1988-05-15",NULL,"http://en.wikipedia.org/wiki/1988_Monaco_Grand_Prix"
"373","1988","2","21","San Marino Grand Prix","1988-05-01",NULL,"http://en.wikipedia.org/wiki/1988_San_Marino_Grand_Prix"
"372","1988","1","36","Brazilian Grand Prix","1988-04-03",NULL,"http://en.wikipedia.org/wiki/1988_Brazilian_Grand_Prix"
"403","1987","16","29","Australian Grand Prix","1987-11-15",NULL,"http://en.wikipedia.org/wiki/1987_Australian_Grand_Prix"
"402","1987","15","22","Japanese Grand Prix","1987-11-01",NULL,"http://en.wikipedia.org/wiki/1987_Japanese_Grand_Prix"
"401","1987","14","32","Mexican Grand Prix","1987-10-18",NULL,"http://en.wikipedia.org/wiki/1987_Mexican_Grand_Prix"
"400","1987","13","26","Spanish Grand Prix","1987-09-27",NULL,"http://en.wikipedia.org/wiki/1987_Spanish_Grand_Prix"
"399","1987","12","27","Portuguese Grand Prix","1987-09-20",NULL,"http://en.wikipedia.org/wiki/1987_Portuguese_Grand_Prix"
"398","1987","11","14","Italian Grand Prix","1987-09-06",NULL,"http://en.wikipedia.org/wiki/1987_Italian_Grand_Prix"
"396","1987","9","11","Hungarian Grand Prix","1987-08-09",NULL,"http://en.wikipedia.org/wiki/1987_Hungarian_Grand_Prix"
"395","1987","8","10","German Grand Prix","1987-07-26",NULL,"http://en.wikipedia.org/wiki/1987_German_Grand_Prix"
"394","1987","7","9","British Grand Prix","1987-07-12",NULL,"http://en.wikipedia.org/wiki/1987_British_Grand_Prix"
"393","1987","6","34","French Grand Prix","1987-07-05",NULL,"http://en.wikipedia.org/wiki/1987_French_Grand_Prix"
"392","1987","5","37","Detroit Grand Prix","1987-06-21",NULL,"http://en.wikipedia.org/wiki/1987_Detroit_Grand_Prix"
"397","1987","10","23","Austrian Grand Prix","1987-06-18",NULL,"http://en.wikipedia.org/wiki/1987_Austrian_Grand_Prix"
"391","1987","4","6","Monaco Grand Prix","1987-05-31",NULL,"http://en.wikipedia.org/wiki/1987_Monaco_Grand_Prix"
"390","1987","3","13","Belgian Grand Prix","1987-05-17",NULL,"http://en.wikipedia.org/wiki/1987_Belgian_Grand_Prix"
"389","1987","2","21","San Marino Grand Prix","1987-05-03",NULL,"http://en.wikipedia.org/wiki/1987_San_Marino_Grand_Prix"
"388","1987","1","36","Brazilian Grand Prix","1987-04-12",NULL,"http://en.wikipedia.org/wiki/1987_Brazilian_Grand_Prix"
"419","1986","16","29","Australian Grand Prix","1986-10-26",NULL,"http://en.wikipedia.org/wiki/1986_Australian_Grand_Prix"
"418","1986","15","32","Mexican Grand Prix","1986-10-12",NULL,"http://en.wikipedia.org/wiki/1986_Mexican_Grand_Prix"
"417","1986","14","27","Portuguese Grand Prix","1986-09-21",NULL,"http://en.wikipedia.org/wiki/1986_Portuguese_Grand_Prix"
"416","1986","13","14","Italian Grand Prix","1986-09-07",NULL,"http://en.wikipedia.org/wiki/1986_Italian_Grand_Prix"
"415","1986","12","23","Austrian Grand Prix","1986-08-17",NULL,"http://en.wikipedia.org/wiki/1986_Austrian_Grand_Prix"
"414","1986","11","11","Hungarian Grand Prix","1986-08-10",NULL,"http://en.wikipedia.org/wiki/1986_Hungarian_Grand_Prix"
"413","1986","10","10","German Grand Prix","1986-07-27",NULL,"http://en.wikipedia.org/wiki/1986_German_Grand_Prix"
"412","1986","9","38","British Grand Prix","1986-07-13",NULL,"http://en.wikipedia.org/wiki/1986_British_Grand_Prix"
"411","1986","8","34","French Grand Prix","1986-07-06",NULL,"http://en.wikipedia.org/wiki/1986_French_Grand_Prix"
"410","1986","7","37","Detroit Grand Prix","1986-06-22",NULL,"http://en.wikipedia.org/wiki/1986_Detroit_Grand_Prix"
"409","1986","6","7","Canadian Grand Prix","1986-06-15",NULL,"http://en.wikipedia.org/wiki/1986_Canadian_Grand_Prix"
"408","1986","5","13","Belgian Grand Prix","1986-05-25",NULL,"http://en.wikipedia.org/wiki/1986_Belgian_Grand_Prix"
"407","1986","4","6","Monaco Grand Prix","1986-05-11",NULL,"http://en.wikipedia.org/wiki/1986_Monaco_Grand_Prix"
"406","1986","3","21","San Marino Grand Prix","1986-04-27",NULL,"http://en.wikipedia.org/wiki/1986_San_Marino_Grand_Prix"
"405","1986","2","26","Spanish Grand Prix","1986-04-13",NULL,"http://en.wikipedia.org/wiki/1986_Spanish_Grand_Prix"
"404","1986","1","36","Brazilian Grand Prix","1986-03-23",NULL,"http://en.wikipedia.org/wiki/1986_Brazilian_Grand_Prix"
"435","1985","16","29","Australian Grand Prix","1985-11-03",NULL,"http://en.wikipedia.org/wiki/1985_Australian_Grand_Prix"
"434","1985","15","30","South African Grand Prix","1985-10-19",NULL,"http://en.wikipedia.org/wiki/1985_South_African_Grand_Prix"
"433","1985","14","38","European Grand Prix","1985-10-06",NULL,"http://en.wikipedia.org/wiki/1985_European_Grand_Prix"
"432","1985","13","13","Belgian Grand Prix","1985-09-15",NULL,"http://en.wikipedia.org/wiki/1985_Belgian_Grand_Prix"
"431","1985","12","14","Italian Grand Prix","1985-09-08",NULL,"http://en.wikipedia.org/wiki/1985_Italian_Grand_Prix"
"430","1985","11","39","Dutch Grand Prix","1985-08-25",NULL,"http://en.wikipedia.org/wiki/1985_Dutch_Grand_Prix"
"429","1985","10","23","Austrian Grand Prix","1985-08-18",NULL,"http://en.wikipedia.org/wiki/1985_Austrian_Grand_Prix"
"428","1985","9","20","German Grand Prix","1985-08-04",NULL,"http://en.wikipedia.org/wiki/1985_German_Grand_Prix"
"427","1985","8","9","British Grand Prix","1985-07-21",NULL,"http://en.wikipedia.org/wiki/1985_British_Grand_Prix"
"426","1985","7","34","French Grand Prix","1985-07-07",NULL,"http://en.wikipedia.org/wiki/1985_French_Grand_Prix"
"425","1985","6","37","Detroit Grand Prix","1985-06-23",NULL,"http://en.wikipedia.org/wiki/1985_Detroit_Grand_Prix"
"424","1985","5","7","Canadian Grand Prix","1985-06-16",NULL,"http://en.wikipedia.org/wiki/1985_Canadian_Grand_Prix"
"423","1985","4","6","Monaco Grand Prix","1985-05-19",NULL,"http://en.wikipedia.org/wiki/1985_Monaco_Grand_Prix"
"422","1985","3","21","San Marino Grand Prix","1985-05-05",NULL,"http://en.wikipedia.org/wiki/1985_San_Marino_Grand_Prix"
"421","1985","2","27","Portuguese Grand Prix","1985-04-21",NULL,"http://en.wikipedia.org/wiki/1985_Portuguese_Grand_Prix"
"420","1985","1","36","Brazilian Grand Prix","1985-04-07",NULL,"http://en.wikipedia.org/wiki/1985_Brazilian_Grand_Prix"
"451","1984","16","27","Portuguese Grand Prix","1984-10-21",NULL,"http://en.wikipedia.org/wiki/1984_Portuguese_Grand_Prix"
"450","1984","15","20","European Grand Prix","1984-10-07",NULL,"http://en.wikipedia.org/wiki/1984_European_Grand_Prix"
"449","1984","14","14","Italian Grand Prix","1984-09-09",NULL,"http://en.wikipedia.org/wiki/1984_Italian_Grand_Prix"
"448","1984","13","39","Dutch Grand Prix","1984-08-26",NULL,"http://en.wikipedia.org/wiki/1984_Dutch_Grand_Prix"
"447","1984","12","23","Austrian Grand Prix","1984-08-19",NULL,"http://en.wikipedia.org/wiki/1984_Austrian_Grand_Prix"
"446","1984","11","10","German Grand Prix","1984-08-05",NULL,"http://en.wikipedia.org/wiki/1984_German_Grand_Prix"
"445","1984","10","38","British Grand Prix","1984-07-22",NULL,"http://en.wikipedia.org/wiki/1984_British_Grand_Prix"
"444","1984","9","42","Dallas Grand Prix","1984-07-08",NULL,"http://en.wikipedia.org/wiki/1984_Dallas_Grand_Prix"
"443","1984","8","37","Detroit Grand Prix","1984-06-24",NULL,"http://en.wikipedia.org/wiki/1984_Detroit_Grand_Prix"
"442","1984","7","7","Canadian Grand Prix","1984-06-17",NULL,"http://en.wikipedia.org/wiki/1984_Canadian_Grand_Prix"
"441","1984","6","6","Monaco Grand Prix","1984-06-03",NULL,"http://en.wikipedia.org/wiki/1984_Monaco_Grand_Prix"
"440","1984","5","41","French Grand Prix","1984-05-20",NULL,"http://en.wikipedia.org/wiki/1984_French_Grand_Prix"
"439","1984","4","21","San Marino Grand Prix","1984-05-06",NULL,"http://en.wikipedia.org/wiki/1984_San_Marino_Grand_Prix"
"438","1984","3","40","Belgian Grand Prix","1984-04-29",NULL,"http://en.wikipedia.org/wiki/1984_Belgian_Grand_Prix"
"437","1984","2","30","South African Grand Prix","1984-04-07",NULL,"http://en.wikipedia.org/wiki/1984_South_African_Grand_Prix"
"436","1984","1","36","Brazilian Grand Prix","1984-03-25",NULL,"http://en.wikipedia.org/wiki/1984_Brazilian_Grand_Prix"
"466","1983","15","30","South African Grand Prix","1983-10-15",NULL,"http://en.wikipedia.org/wiki/1983_South_African_Grand_Prix"
"465","1983","14","38","European Grand Prix","1983-09-25",NULL,"http://en.wikipedia.org/wiki/1983_European_Grand_Prix"
"464","1983","13","14","Italian Grand Prix","1983-09-11",NULL,"http://en.wikipedia.org/wiki/1983_Italian_Grand_Prix"
"463","1983","12","39","Dutch Grand Prix","1983-08-28",NULL,"http://en.wikipedia.org/wiki/1983_Dutch_Grand_Prix"
"462","1983","11","23","Austrian Grand Prix","1983-08-14",NULL,"http://en.wikipedia.org/wiki/1983_Austrian_Grand_Prix"
"461","1983","10","10","German Grand Prix","1983-08-07",NULL,"http://en.wikipedia.org/wiki/1983_German_Grand_Prix"
"460","1983","9","9","British Grand Prix","1983-07-16",NULL,"http://en.wikipedia.org/wiki/1983_British_Grand_Prix"
"459","1983","8","7","Canadian Grand Prix","1983-06-12",NULL,"http://en.wikipedia.org/wiki/1983_Canadian_Grand_Prix"
"458","1983","7","37","Detroit Grand Prix","1983-06-05",NULL,"http://en.wikipedia.org/wiki/1983_Detroit_Grand_Prix"
"457","1983","6","13","Belgian Grand Prix","1983-05-22",NULL,"http://en.wikipedia.org/wiki/1983_Belgian_Grand_Prix"
"456","1983","5","6","Monaco Grand Prix","1983-05-15",NULL,"http://en.wikipedia.org/wiki/1983_Monaco_Grand_Prix"
"455","1983","4","21","San Marino Grand Prix","1983-05-01",NULL,"http://en.wikipedia.org/wiki/1983_San_Marino_Grand_Prix"
"454","1983","3","34","French Grand Prix","1983-04-17",NULL,"http://en.wikipedia.org/wiki/1983_French_Grand_Prix"
"453","1983","2","43","United States Grand Prix West","1983-03-27",NULL,"http://en.wikipedia.org/wiki/1983_United_States_Grand_Prix_West"
"452","1983","1","36","Brazilian Grand Prix","1983-03-13",NULL,"http://en.wikipedia.org/wiki/1983_Brazilian_Grand_Prix"
"482","1982","16","44","Caesars Palace Grand Prix","1982-09-25",NULL,"http://en.wikipedia.org/wiki/1982_Caesars_Palace_Grand_Prix"
"481","1982","15","14","Italian Grand Prix","1982-09-12",NULL,"http://en.wikipedia.org/wiki/1982_Italian_Grand_Prix"
"480","1982","14","41","Swiss Grand Prix","1982-08-29",NULL,"http://en.wikipedia.org/wiki/1982_Swiss_Grand_Prix"
"479","1982","13","23","Austrian Grand Prix","1982-08-15",NULL,"http://en.wikipedia.org/wiki/1982_Austrian_Grand_Prix"
"478","1982","12","10","German Grand Prix","1982-08-08",NULL,"http://en.wikipedia.org/wiki/1982_German_Grand_Prix"
"477","1982","11","34","French Grand Prix","1982-07-25",NULL,"http://en.wikipedia.org/wiki/1982_French_Grand_Prix"
"476","1982","10","38","British Grand Prix","1982-07-18",NULL,"http://en.wikipedia.org/wiki/1982_British_Grand_Prix"
"475","1982","9","39","Dutch Grand Prix","1982-07-03",NULL,"http://en.wikipedia.org/wiki/1982_Dutch_Grand_Prix"
"474","1982","8","7","Canadian Grand Prix","1982-06-13",NULL,"http://en.wikipedia.org/wiki/1982_Canadian_Grand_Prix"
"473","1982","7","37","Detroit Grand Prix","1982-06-06",NULL,"http://en.wikipedia.org/wiki/1982_Detroit_Grand_Prix"
"472","1982","6","6","Monaco Grand Prix","1982-05-23",NULL,"http://en.wikipedia.org/wiki/1982_Monaco_Grand_Prix"
"471","1982","5","40","Belgian Grand Prix","1982-05-09",NULL,"http://en.wikipedia.org/wiki/1982_Belgian_Grand_Prix"
"470","1982","4","21","San Marino Grand Prix","1982-04-25",NULL,"http://en.wikipedia.org/wiki/1982_San_Marino_Grand_Prix"
"469","1982","3","43","United States Grand Prix West","1982-04-04",NULL,"http://en.wikipedia.org/wiki/1982_United_States_Grand_Prix_West"
"468","1982","2","36","Brazilian Grand Prix","1982-03-21",NULL,"http://en.wikipedia.org/wiki/1982_Brazilian_Grand_Prix"
"467","1982","1","30","South African Grand Prix","1982-01-23",NULL,"http://en.wikipedia.org/wiki/1982_South_African_Grand_Prix"
"497","1981","15","44","Caesars Palace Grand Prix","1981-10-17",NULL,"http://en.wikipedia.org/wiki/1981_Caesars_Palace_Grand_Prix"
"496","1981","14","7","Canadian Grand Prix","1981-09-27",NULL,"http://en.wikipedia.org/wiki/1981_Canadian_Grand_Prix"
"495","1981","13","14","Italian Grand Prix","1981-09-13",NULL,"http://en.wikipedia.org/wiki/1981_Italian_Grand_Prix"
"494","1981","12","39","Dutch Grand Prix","1981-08-30",NULL,"http://en.wikipedia.org/wiki/1981_Dutch_Grand_Prix"
"493","1981","11","23","Austrian Grand Prix","1981-08-16",NULL,"http://en.wikipedia.org/wiki/1981_Austrian_Grand_Prix"
"492","1981","10","10","German Grand Prix","1981-08-02",NULL,"http://en.wikipedia.org/wiki/1981_German_Grand_Prix"
"491","1981","9","9","British Grand Prix","1981-07-18",NULL,"http://en.wikipedia.org/wiki/1981_British_Grand_Prix"
"490","1981","8","41","French Grand Prix","1981-07-05",NULL,"http://en.wikipedia.org/wiki/1981_French_Grand_Prix"
"489","1981","7","45","Spanish Grand Prix","1981-06-21",NULL,"http://en.wikipedia.org/wiki/1981_Spanish_Grand_Prix"
"488","1981","6","6","Monaco Grand Prix","1981-05-31",NULL,"http://en.wikipedia.org/wiki/1981_Monaco_Grand_Prix"
"487","1981","5","40","Belgian Grand Prix","1981-05-17",NULL,"http://en.wikipedia.org/wiki/1981_Belgian_Grand_Prix"
"486","1981","4","21","San Marino Grand Prix","1981-05-03",NULL,"http://en.wikipedia.org/wiki/1981_San_Marino_Grand_Prix"
"485","1981","3","25","Argentine Grand Prix","1981-04-12",NULL,"http://en.wikipedia.org/wiki/1981_Argentine_Grand_Prix"
"484","1981","2","36","Brazilian Grand Prix","1981-03-29",NULL,"http://en.wikipedia.org/wiki/1981_Brazilian_Grand_Prix"
"483","1981","1","43","United States Grand Prix West","1981-03-15",NULL,"http://en.wikipedia.org/wiki/1981_United_States_Grand_Prix_West"
"511","1980","14","46","United States Grand Prix","1980-10-05",NULL,"http://en.wikipedia.org/wiki/1980_United_States_Grand_Prix"
"510","1980","13","7","Canadian Grand Prix","1980-09-28",NULL,"http://en.wikipedia.org/wiki/1980_Canadian_Grand_Prix"
"509","1980","12","21","Italian Grand Prix","1980-09-14",NULL,"http://en.wikipedia.org/wiki/1980_Italian_Grand_Prix"
"508","1980","11","39","Dutch Grand Prix","1980-08-31",NULL,"http://en.wikipedia.org/wiki/1980_Dutch_Grand_Prix"
"507","1980","10","23","Austrian Grand Prix","1980-08-17",NULL,"http://en.wikipedia.org/wiki/1980_Austrian_Grand_Prix"
"506","1980","9","10","German Grand Prix","1980-08-10",NULL,"http://en.wikipedia.org/wiki/1980_German_Grand_Prix"
"505","1980","8","38","British Grand Prix","1980-07-13",NULL,"http://en.wikipedia.org/wiki/1980_British_Grand_Prix"
"504","1980","7","34","French Grand Prix","1980-06-29",NULL,"http://en.wikipedia.org/wiki/1980_French_Grand_Prix"
"503","1980","6","6","Monaco Grand Prix","1980-05-18",NULL,"http://en.wikipedia.org/wiki/1980_Monaco_Grand_Prix"
"502","1980","5","40","Belgian Grand Prix","1980-05-04",NULL,"http://en.wikipedia.org/wiki/1980_Belgian_Grand_Prix"
"501","1980","4","43","United States Grand Prix West","1980-03-30",NULL,"http://en.wikipedia.org/wiki/1980_United_States_Grand_Prix_West"
"500","1980","3","30","South African Grand Prix","1980-03-01",NULL,"http://en.wikipedia.org/wiki/1980_South_African_Grand_Prix"
"499","1980","2","18","Brazilian Grand Prix","1980-01-27",NULL,"http://en.wikipedia.org/wiki/1980_Brazilian_Grand_Prix"
"498","1980","1","25","Argentine Grand Prix","1980-01-13",NULL,"http://en.wikipedia.org/wiki/1980_Argentine_Grand_Prix"
"526","1979","15","46","United States Grand Prix","1979-10-07",NULL,"http://en.wikipedia.org/wiki/1979_United_States_Grand_Prix"
"525","1979","14","7","Canadian Grand Prix","1979-09-30",NULL,"http://en.wikipedia.org/wiki/1979_Canadian_Grand_Prix"
"524","1979","13","14","Italian Grand Prix","1979-09-09",NULL,"http://en.wikipedia.org/wiki/1979_Italian_Grand_Prix"
"523","1979","12","39","Dutch Grand Prix","1979-08-26",NULL,"http://en.wikipedia.org/wiki/1979_Dutch_Grand_Prix"
"522","1979","11","23","Austrian Grand Prix","1979-08-12",NULL,"http://en.wikipedia.org/wiki/1979_Austrian_Grand_Prix"
"521","1979","10","10","German Grand Prix","1979-07-29",NULL,"http://en.wikipedia.org/wiki/1979_German_Grand_Prix"
"520","1979","9","9","British Grand Prix","1979-07-14",NULL,"http://en.wikipedia.org/wiki/1979_British_Grand_Prix"
"519","1979","8","41","French Grand Prix","1979-07-01",NULL,"http://en.wikipedia.org/wiki/1979_French_Grand_Prix"
"518","1979","7","6","Monaco Grand Prix","1979-05-27",NULL,"http://en.wikipedia.org/wiki/1979_Monaco_Grand_Prix"
"517","1979","6","40","Belgian Grand Prix","1979-05-13",NULL,"http://en.wikipedia.org/wiki/1979_Belgian_Grand_Prix"
"516","1979","5","45","Spanish Grand Prix","1979-04-29",NULL,"http://en.wikipedia.org/wiki/1979_Spanish_Grand_Prix"
"515","1979","4","43","United States Grand Prix West","1979-04-08",NULL,"http://en.wikipedia.org/wiki/1979_United_States_Grand_Prix_West"
"514","1979","3","30","South African Grand Prix","1979-03-03",NULL,"http://en.wikipedia.org/wiki/1979_South_African_Grand_Prix"
"513","1979","2","18","Brazilian Grand Prix","1979-02-04",NULL,"http://en.wikipedia.org/wiki/1979_Brazilian_Grand_Prix"
"512","1979","1","25","Argentine Grand Prix","1979-01-21",NULL,"http://en.wikipedia.org/wiki/1979_Argentine_Grand_Prix"
"542","1978","16","7","Canadian Grand Prix","1978-10-08",NULL,"http://en.wikipedia.org/wiki/1978_Canadian_Grand_Prix"
"541","1978","15","46","United States Grand Prix","1978-10-01",NULL,"http://en.wikipedia.org/wiki/1978_United_States_Grand_Prix"
"540","1978","14","14","Italian Grand Prix","1978-09-10",NULL,"http://en.wikipedia.org/wiki/1978_Italian_Grand_Prix"
"539","1978","13","39","Dutch Grand Prix","1978-08-27",NULL,"http://en.wikipedia.org/wiki/1978_Dutch_Grand_Prix"
"538","1978","12","23","Austrian Grand Prix","1978-08-13",NULL,"http://en.wikipedia.org/wiki/1978_Austrian_Grand_Prix"
"537","1978","11","10","German Grand Prix","1978-07-30",NULL,"http://en.wikipedia.org/wiki/1978_German_Grand_Prix"
"536","1978","10","38","British Grand Prix","1978-07-16",NULL,"http://en.wikipedia.org/wiki/1978_British_Grand_Prix"
"535","1978","9","34","French Grand Prix","1978-07-02",NULL,"http://en.wikipedia.org/wiki/1978_French_Grand_Prix"
"534","1978","8","47","Swedish Grand Prix","1978-06-17",NULL,"http://en.wikipedia.org/wiki/1978_Swedish_Grand_Prix"
"533","1978","7","45","Spanish Grand Prix","1978-06-04",NULL,"http://en.wikipedia.org/wiki/1978_Spanish_Grand_Prix"
"532","1978","6","40","Belgian Grand Prix","1978-05-21",NULL,"http://en.wikipedia.org/wiki/1978_Belgian_Grand_Prix"
"531","1978","5","6","Monaco Grand Prix","1978-05-07",NULL,"http://en.wikipedia.org/wiki/1978_Monaco_Grand_Prix"
"530","1978","4","43","United States Grand Prix West","1978-04-02",NULL,"http://en.wikipedia.org/wiki/1978_United_States_Grand_Prix_West"
"529","1978","3","30","South African Grand Prix","1978-03-04",NULL,"http://en.wikipedia.org/wiki/1978_South_African_Grand_Prix"
"528","1978","2","36","Brazilian Grand Prix","1978-01-29",NULL,"http://en.wikipedia.org/wiki/1978_Brazilian_Grand_Prix"
"527","1978","1","25","Argentine Grand Prix","1978-01-15",NULL,"http://en.wikipedia.org/wiki/1978_Argentine_Grand_Prix"
"559","1977","17","16","Japanese Grand Prix","1977-10-23",NULL,"http://en.wikipedia.org/wiki/1977_Japanese_Grand_Prix"
"558","1977","16","48","Canadian Grand Prix","1977-10-09",NULL,"http://en.wikipedia.org/wiki/1977_Canadian_Grand_Prix"
"557","1977","15","46","United States Grand Prix","1977-10-02",NULL,"http://en.wikipedia.org/wiki/1977_United_States_Grand_Prix"
"556","1977","14","14","Italian Grand Prix","1977-09-11",NULL,"http://en.wikipedia.org/wiki/1977_Italian_Grand_Prix"
"555","1977","13","39","Dutch Grand Prix","1977-08-28",NULL,"http://en.wikipedia.org/wiki/1977_Dutch_Grand_Prix"
"554","1977","12","23","Austrian Grand Prix","1977-08-14",NULL,"http://en.wikipedia.org/wiki/1977_Austrian_Grand_Prix"
"553","1977","11","10","German Grand Prix","1977-07-31",NULL,"http://en.wikipedia.org/wiki/1977_German_Grand_Prix"
"552","1977","10","9","British Grand Prix","1977-07-16",NULL,"http://en.wikipedia.org/wiki/1977_British_Grand_Prix"
"551","1977","9","41","French Grand Prix","1977-07-03",NULL,"http://en.wikipedia.org/wiki/1977_French_Grand_Prix"
"550","1977","8","47","Swedish Grand Prix","1977-06-19",NULL,"http://en.wikipedia.org/wiki/1977_Swedish_Grand_Prix"
"549","1977","7","40","Belgian Grand Prix","1977-06-05",NULL,"http://en.wikipedia.org/wiki/1977_Belgian_Grand_Prix"
"548","1977","6","6","Monaco Grand Prix","1977-05-22",NULL,"http://en.wikipedia.org/wiki/1977_Monaco_Grand_Prix"
"547","1977","5","45","Spanish Grand Prix","1977-05-08",NULL,"http://en.wikipedia.org/wiki/1977_Spanish_Grand_Prix"
"546","1977","4","43","United States Grand Prix West","1977-04-03",NULL,"http://en.wikipedia.org/wiki/1977_United_States_Grand_Prix_West"
"545","1977","3","30","South African Grand Prix","1977-03-05",NULL,"http://en.wikipedia.org/wiki/1977_South_African_Grand_Prix"
"544","1977","2","18","Brazilian Grand Prix","1977-01-23",NULL,"http://en.wikipedia.org/wiki/1977_Brazilian_Grand_Prix"
"543","1977","1","25","Argentine Grand Prix","1977-01-09",NULL,"http://en.wikipedia.org/wiki/1977_Argentine_Grand_Prix"
"575","1976","16","16","Japanese Grand Prix","1976-10-24",NULL,"http://en.wikipedia.org/wiki/1976_Japanese_Grand_Prix"
"574","1976","15","46","United States Grand Prix","1976-10-10",NULL,"http://en.wikipedia.org/wiki/1976_United_States_Grand_Prix"
"573","1976","14","48","Canadian Grand Prix","1976-10-03",NULL,"http://en.wikipedia.org/wiki/1976_Canadian_Grand_Prix"
"572","1976","13","14","Italian Grand Prix","1976-09-12",NULL,"http://en.wikipedia.org/wiki/1976_Italian_Grand_Prix"
"571","1976","12","39","Dutch Grand Prix","1976-08-29",NULL,"http://en.wikipedia.org/wiki/1976_Dutch_Grand_Prix"
"570","1976","11","23","Austrian Grand Prix","1976-08-15",NULL,"http://en.wikipedia.org/wiki/1976_Austrian_Grand_Prix"
"569","1976","10","20","German Grand Prix","1976-08-01",NULL,"http://en.wikipedia.org/wiki/1976_German_Grand_Prix"
"568","1976","9","38","British Grand Prix","1976-07-18",NULL,"http://en.wikipedia.org/wiki/1976_British_Grand_Prix"
"567","1976","8","34","French Grand Prix","1976-07-04",NULL,"http://en.wikipedia.org/wiki/1976_French_Grand_Prix"
"566","1976","7","47","Swedish Grand Prix","1976-06-13",NULL,"http://en.wikipedia.org/wiki/1976_Swedish_Grand_Prix"
"565","1976","6","6","Monaco Grand Prix","1976-05-30",NULL,"http://en.wikipedia.org/wiki/1976_Monaco_Grand_Prix"
"564","1976","5","40","Belgian Grand Prix","1976-05-16",NULL,"http://en.wikipedia.org/wiki/1976_Belgian_Grand_Prix"
"563","1976","4","45","Spanish Grand Prix","1976-05-02",NULL,"http://en.wikipedia.org/wiki/1976_Spanish_Grand_Prix"
"562","1976","3","43","United States Grand Prix West","1976-03-28",NULL,"http://en.wikipedia.org/wiki/1976_United_States_Grand_Prix_West"
"561","1976","2","30","South African Grand Prix","1976-03-06",NULL,"http://en.wikipedia.org/wiki/1976_South_African_Grand_Prix"
"560","1976","1","18","Brazilian Grand Prix","1976-01-25",NULL,"http://en.wikipedia.org/wiki/1976_Brazilian_Grand_Prix"
"589","1975","14","46","United States Grand Prix","1975-10-05",NULL,"http://en.wikipedia.org/wiki/1975_United_States_Grand_Prix"
"588","1975","13","14","Italian Grand Prix","1975-09-07",NULL,"http://en.wikipedia.org/wiki/1975_Italian_Grand_Prix"
"587","1975","12","23","Austrian Grand Prix","1975-08-17",NULL,"http://en.wikipedia.org/wiki/1975_Austrian_Grand_Prix"
"586","1975","11","20","German Grand Prix","1975-08-03",NULL,"http://en.wikipedia.org/wiki/1975_German_Grand_Prix"
"585","1975","10","9","British Grand Prix","1975-07-19",NULL,"http://en.wikipedia.org/wiki/1975_British_Grand_Prix"
"584","1975","9","34","French Grand Prix","1975-07-06",NULL,"http://en.wikipedia.org/wiki/1975_French_Grand_Prix"
"583","1975","8","39","Dutch Grand Prix","1975-06-22",NULL,"http://en.wikipedia.org/wiki/1975_Dutch_Grand_Prix"
"582","1975","7","47","Swedish Grand Prix","1975-06-08",NULL,"http://en.wikipedia.org/wiki/1975_Swedish_Grand_Prix"
"581","1975","6","40","Belgian Grand Prix","1975-05-25",NULL,"http://en.wikipedia.org/wiki/1975_Belgian_Grand_Prix"
"580","1975","5","6","Monaco Grand Prix","1975-05-11",NULL,"http://en.wikipedia.org/wiki/1975_Monaco_Grand_Prix"
"579","1975","4","49","Spanish Grand Prix","1975-04-27",NULL,"http://en.wikipedia.org/wiki/1975_Spanish_Grand_Prix"
"578","1975","3","30","South African Grand Prix","1975-03-01",NULL,"http://en.wikipedia.org/wiki/1975_South_African_Grand_Prix"
"577","1975","2","18","Brazilian Grand Prix","1975-01-26",NULL,"http://en.wikipedia.org/wiki/1975_Brazilian_Grand_Prix"
"576","1975","1","25","Argentine Grand Prix","1975-01-12",NULL,"http://en.wikipedia.org/wiki/1975_Argentine_Grand_Prix"
"604","1974","15","46","United States Grand Prix","1974-10-06",NULL,"http://en.wikipedia.org/wiki/1974_United_States_Grand_Prix"
"603","1974","14","48","Canadian Grand Prix","1974-09-22",NULL,"http://en.wikipedia.org/wiki/1974_Canadian_Grand_Prix"
"602","1974","13","14","Italian Grand Prix","1974-09-08",NULL,"http://en.wikipedia.org/wiki/1974_Italian_Grand_Prix"
"601","1974","12","23","Austrian Grand Prix","1974-08-18",NULL,"http://en.wikipedia.org/wiki/1974_Austrian_Grand_Prix"
"600","1974","11","20","German Grand Prix","1974-08-04",NULL,"http://en.wikipedia.org/wiki/1974_German_Grand_Prix"
"599","1974","10","38","British Grand Prix","1974-07-20",NULL,"http://en.wikipedia.org/wiki/1974_British_Grand_Prix"
"598","1974","9","41","French Grand Prix","1974-07-07",NULL,"http://en.wikipedia.org/wiki/1974_French_Grand_Prix"
"597","1974","8","39","Dutch Grand Prix","1974-06-23",NULL,"http://en.wikipedia.org/wiki/1974_Dutch_Grand_Prix"
"596","1974","7","47","Swedish Grand Prix","1974-06-09",NULL,"http://en.wikipedia.org/wiki/1974_Swedish_Grand_Prix"
"595","1974","6","6","Monaco Grand Prix","1974-05-26",NULL,"http://en.wikipedia.org/wiki/1974_Monaco_Grand_Prix"
"594","1974","5","50","Belgian Grand Prix","1974-05-12",NULL,"http://en.wikipedia.org/wiki/1974_Belgian_Grand_Prix"
"593","1974","4","45","Spanish Grand Prix","1974-04-28",NULL,"http://en.wikipedia.org/wiki/1974_Spanish_Grand_Prix"
"592","1974","3","30","South African Grand Prix","1974-03-30",NULL,"http://en.wikipedia.org/wiki/1974_South_African_Grand_Prix"
"591","1974","2","18","Brazilian Grand Prix","1974-01-27",NULL,"http://en.wikipedia.org/wiki/1974_Brazilian_Grand_Prix"
"590","1974","1","25","Argentine Grand Prix","1974-01-13",NULL,"http://en.wikipedia.org/wiki/1974_Argentine_Grand_Prix"
"619","1973","15","46","United States Grand Prix","1973-10-07",NULL,"http://en.wikipedia.org/wiki/1973_United_States_Grand_Prix"
"618","1973","14","48","Canadian Grand Prix","1973-09-23",NULL,"http://en.wikipedia.org/wiki/1973_Canadian_Grand_Prix"
"617","1973","13","14","Italian Grand Prix","1973-09-09",NULL,"http://en.wikipedia.org/wiki/1973_Italian_Grand_Prix"
"616","1973","12","23","Austrian Grand Prix","1973-08-19",NULL,"http://en.wikipedia.org/wiki/1973_Austrian_Grand_Prix"
"615","1973","11","20","German Grand Prix","1973-08-05",NULL,"http://en.wikipedia.org/wiki/1973_German_Grand_Prix"
"614","1973","10","39","Dutch Grand Prix","1973-07-29",NULL,"http://en.wikipedia.org/wiki/1973_Dutch_Grand_Prix"
"613","1973","9","9","British Grand Prix","1973-07-14",NULL,"http://en.wikipedia.org/wiki/1973_British_Grand_Prix"
"612","1973","8","34","French Grand Prix","1973-07-01",NULL,"http://en.wikipedia.org/wiki/1973_French_Grand_Prix"
"611","1973","7","47","Swedish Grand Prix","1973-06-17",NULL,"http://en.wikipedia.org/wiki/1973_Swedish_Grand_Prix"
"610","1973","6","6","Monaco Grand Prix","1973-06-03",NULL,"http://en.wikipedia.org/wiki/1973_Monaco_Grand_Prix"
"609","1973","5","40","Belgian Grand Prix","1973-05-20",NULL,"http://en.wikipedia.org/wiki/1973_Belgian_Grand_Prix"
"608","1973","4","49","Spanish Grand Prix","1973-04-29",NULL,"http://en.wikipedia.org/wiki/1973_Spanish_Grand_Prix"
"607","1973","3","30","South African Grand Prix","1973-03-03",NULL,"http://en.wikipedia.org/wiki/1973_South_African_Grand_Prix"
"606","1973","2","18","Brazilian Grand Prix","1973-02-11",NULL,"http://en.wikipedia.org/wiki/1973_Brazilian_Grand_Prix"
"605","1973","1","25","Argentine Grand Prix","1973-01-28",NULL,"http://en.wikipedia.org/wiki/1973_Argentine_Grand_Prix"
"631","1972","12","46","United States Grand Prix","1972-10-08",NULL,"http://en.wikipedia.org/wiki/1972_United_States_Grand_Prix"
"630","1972","11","48","Canadian Grand Prix","1972-09-24",NULL,"http://en.wikipedia.org/wiki/1972_Canadian_Grand_Prix"
"629","1972","10","14","Italian Grand Prix","1972-09-10",NULL,"http://en.wikipedia.org/wiki/1972_Italian_Grand_Prix"
"628","1972","9","23","Austrian Grand Prix","1972-08-13",NULL,"http://en.wikipedia.org/wiki/1972_Austrian_Grand_Prix"
"627","1972","8","20","German Grand Prix","1972-07-30",NULL,"http://en.wikipedia.org/wiki/1972_German_Grand_Prix"
"626","1972","7","38","British Grand Prix","1972-07-15",NULL,"http://en.wikipedia.org/wiki/1972_British_Grand_Prix"
"625","1972","6","51","French Grand Prix","1972-07-02",NULL,"http://en.wikipedia.org/wiki/1972_French_Grand_Prix"
"624","1972","5","50","Belgian Grand Prix","1972-06-04",NULL,"http://en.wikipedia.org/wiki/1972_Belgian_Grand_Prix"
"623","1972","4","6","Monaco Grand Prix","1972-05-14",NULL,"http://en.wikipedia.org/wiki/1972_Monaco_Grand_Prix"
"622","1972","3","45","Spanish Grand Prix","1972-05-01",NULL,"http://en.wikipedia.org/wiki/1972_Spanish_Grand_Prix"
"621","1972","2","30","South African Grand Prix","1972-03-04",NULL,"http://en.wikipedia.org/wiki/1972_South_African_Grand_Prix"
"620","1972","1","25","Argentine Grand Prix","1972-01-23",NULL,"http://en.wikipedia.org/wiki/1972_Argentine_Grand_Prix"
"642","1971","11","46","United States Grand Prix","1971-10-03",NULL,"http://en.wikipedia.org/wiki/1971_United_States_Grand_Prix"
"641","1971","10","48","Canadian Grand Prix","1971-09-19",NULL,"http://en.wikipedia.org/wiki/1971_Canadian_Grand_Prix"
"640","1971","9","14","Italian Grand Prix","1971-09-05",NULL,"http://en.wikipedia.org/wiki/1971_Italian_Grand_Prix"
"639","1971","8","23","Austrian Grand Prix","1971-08-15",NULL,"http://en.wikipedia.org/wiki/1971_Austrian_Grand_Prix"
"638","1971","7","20","German Grand Prix","1971-08-01",NULL,"http://en.wikipedia.org/wiki/1971_German_Grand_Prix"
"637","1971","6","9","British Grand Prix","1971-07-17",NULL,"http://en.wikipedia.org/wiki/1971_British_Grand_Prix"
"636","1971","5","34","French Grand Prix","1971-07-04",NULL,"http://en.wikipedia.org/wiki/1971_French_Grand_Prix"
"635","1971","4","39","Dutch Grand Prix","1971-06-20",NULL,"http://en.wikipedia.org/wiki/1971_Dutch_Grand_Prix"
"634","1971","3","6","Monaco Grand Prix","1971-05-23",NULL,"http://en.wikipedia.org/wiki/1971_Monaco_Grand_Prix"
"633","1971","2","49","Spanish Grand Prix","1971-04-18",NULL,"http://en.wikipedia.org/wiki/1971_Spanish_Grand_Prix"
"632","1971","1","30","South African Grand Prix","1971-03-06",NULL,"http://en.wikipedia.org/wiki/1971_South_African_Grand_Prix"
"655","1970","13","32","Mexican Grand Prix","1970-10-25",NULL,"http://en.wikipedia.org/wiki/1970_Mexican_Grand_Prix"
"654","1970","12","46","United States Grand Prix","1970-10-04",NULL,"http://en.wikipedia.org/wiki/1970_United_States_Grand_Prix"
"653","1970","11","52","Canadian Grand Prix","1970-09-20",NULL,"http://en.wikipedia.org/wiki/1970_Canadian_Grand_Prix"
"652","1970","10","14","Italian Grand Prix","1970-09-06",NULL,"http://en.wikipedia.org/wiki/1970_Italian_Grand_Prix"
"651","1970","9","23","Austrian Grand Prix","1970-08-16",NULL,"http://en.wikipedia.org/wiki/1970_Austrian_Grand_Prix"
"650","1970","8","10","German Grand Prix","1970-08-02",NULL,"http://en.wikipedia.org/wiki/1970_German_Grand_Prix"
"649","1970","7","38","British Grand Prix","1970-07-18",NULL,"http://en.wikipedia.org/wiki/1970_British_Grand_Prix"
"648","1970","6","51","French Grand Prix","1970-07-05",NULL,"http://en.wikipedia.org/wiki/1970_French_Grand_Prix"
"647","1970","5","39","Dutch Grand Prix","1970-06-21",NULL,"http://en.wikipedia.org/wiki/1970_Dutch_Grand_Prix"
"646","1970","4","13","Belgian Grand Prix","1970-06-07",NULL,"http://en.wikipedia.org/wiki/1970_Belgian_Grand_Prix"
"645","1970","3","6","Monaco Grand Prix","1970-05-10",NULL,"http://en.wikipedia.org/wiki/1970_Monaco_Grand_Prix"
"644","1970","2","45","Spanish Grand Prix","1970-04-19",NULL,"http://en.wikipedia.org/wiki/1970_Spanish_Grand_Prix"
"643","1970","1","30","South African Grand Prix","1970-03-07",NULL,"http://en.wikipedia.org/wiki/1970_South_African_Grand_Prix"
"666","1969","11","32","Mexican Grand Prix","1969-10-19",NULL,"http://en.wikipedia.org/wiki/1969_Mexican_Grand_Prix"
"665","1969","10","46","United States Grand Prix","1969-10-05",NULL,"http://en.wikipedia.org/wiki/1969_United_States_Grand_Prix"
"664","1969","9","48","Canadian Grand Prix","1969-09-20",NULL,"http://en.wikipedia.org/wiki/1969_Canadian_Grand_Prix"
"663","1969","8","14","Italian Grand Prix","1969-09-07",NULL,"http://en.wikipedia.org/wiki/1969_Italian_Grand_Prix"
"662","1969","7","20","German Grand Prix","1969-08-03",NULL,"http://en.wikipedia.org/wiki/1969_German_Grand_Prix"
"661","1969","6","9","British Grand Prix","1969-07-19",NULL,"http://en.wikipedia.org/wiki/1969_British_Grand_Prix"
"660","1969","5","51","French Grand Prix","1969-07-06",NULL,"http://en.wikipedia.org/wiki/1969_French_Grand_Prix"
"659","1969","4","39","Dutch Grand Prix","1969-06-21",NULL,"http://en.wikipedia.org/wiki/1969_Dutch_Grand_Prix"
"658","1969","3","6","Monaco Grand Prix","1969-05-18",NULL,"http://en.wikipedia.org/wiki/1969_Monaco_Grand_Prix"
"657","1969","2","49","Spanish Grand Prix","1969-05-04",NULL,"http://en.wikipedia.org/wiki/1969_Spanish_Grand_Prix"
"656","1969","1","30","South African Grand Prix","1969-03-01",NULL,"http://en.wikipedia.org/wiki/1969_South_African_Grand_Prix"
"678","1968","12","32","Mexican Grand Prix","1968-11-03",NULL,"http://en.wikipedia.org/wiki/1968_Mexican_Grand_Prix"
"677","1968","11","46","United States Grand Prix","1968-10-06",NULL,"http://en.wikipedia.org/wiki/1968_United_States_Grand_Prix"
"676","1968","10","52","Canadian Grand Prix","1968-09-22",NULL,"http://en.wikipedia.org/wiki/1968_Canadian_Grand_Prix"
"675","1968","9","14","Italian Grand Prix","1968-09-08",NULL,"http://en.wikipedia.org/wiki/1968_Italian_Grand_Prix"
"674","1968","8","20","German Grand Prix","1968-08-04",NULL,"http://en.wikipedia.org/wiki/1968_German_Grand_Prix"
"673","1968","7","38","British Grand Prix","1968-07-20",NULL,"http://en.wikipedia.org/wiki/1968_British_Grand_Prix"
"672","1968","6","53","French Grand Prix","1968-07-07",NULL,"http://en.wikipedia.org/wiki/1968_French_Grand_Prix"
"671","1968","5","39","Dutch Grand Prix","1968-06-23",NULL,"http://en.wikipedia.org/wiki/1968_Dutch_Grand_Prix"
"670","1968","4","13","Belgian Grand Prix","1968-06-09",NULL,"http://en.wikipedia.org/wiki/1968_Belgian_Grand_Prix"
"669","1968","3","6","Monaco Grand Prix","1968-05-26",NULL,"http://en.wikipedia.org/wiki/1968_Monaco_Grand_Prix"
"668","1968","2","45","Spanish Grand Prix","1968-05-12",NULL,"http://en.wikipedia.org/wiki/1968_Spanish_Grand_Prix"
"667","1968","1","30","South African Grand Prix","1968-01-01",NULL,"http://en.wikipedia.org/wiki/1968_South_African_Grand_Prix"
"689","1967","11","32","Mexican Grand Prix","1967-10-22",NULL,"http://en.wikipedia.org/wiki/1967_Mexican_Grand_Prix"
"688","1967","10","46","United States Grand Prix","1967-10-01",NULL,"http://en.wikipedia.org/wiki/1967_United_States_Grand_Prix"
"687","1967","9","14","Italian Grand Prix","1967-09-10",NULL,"http://en.wikipedia.org/wiki/1967_Italian_Grand_Prix"
"686","1967","8","48","Canadian Grand Prix","1967-08-27",NULL,"http://en.wikipedia.org/wiki/1967_Canadian_Grand_Prix"
"685","1967","7","20","German Grand Prix","1967-08-06",NULL,"http://en.wikipedia.org/wiki/1967_German_Grand_Prix"
"684","1967","6","9","British Grand Prix","1967-07-15",NULL,"http://en.wikipedia.org/wiki/1967_British_Grand_Prix"
"683","1967","5","54","French Grand Prix","1967-07-02",NULL,"http://en.wikipedia.org/wiki/1967_French_Grand_Prix"
"682","1967","4","13","Belgian Grand Prix","1967-06-18",NULL,"http://en.wikipedia.org/wiki/1967_Belgian_Grand_Prix"
"681","1967","3","39","Dutch Grand Prix","1967-06-04",NULL,"http://en.wikipedia.org/wiki/1967_Dutch_Grand_Prix"
"680","1967","2","6","Monaco Grand Prix","1967-05-07",NULL,"http://en.wikipedia.org/wiki/1967_Monaco_Grand_Prix"
"679","1967","1","30","South African Grand Prix","1967-01-02",NULL,"http://en.wikipedia.org/wiki/1967_South_African_Grand_Prix"
"698","1966","9","32","Mexican Grand Prix","1966-10-23",NULL,"http://en.wikipedia.org/wiki/1966_Mexican_Grand_Prix"
"697","1966","8","46","United States Grand Prix","1966-10-02",NULL,"http://en.wikipedia.org/wiki/1966_United_States_Grand_Prix"
"696","1966","7","14","Italian Grand Prix","1966-09-04",NULL,"http://en.wikipedia.org/wiki/1966_Italian_Grand_Prix"
"695","1966","6","20","German Grand Prix","1966-08-07",NULL,"http://en.wikipedia.org/wiki/1966_German_Grand_Prix"
"694","1966","5","39","Dutch Grand Prix","1966-07-24",NULL,"http://en.wikipedia.org/wiki/1966_Dutch_Grand_Prix"
"693","1966","4","38","British Grand Prix","1966-07-16",NULL,"http://en.wikipedia.org/wiki/1966_British_Grand_Prix"
"692","1966","3","55","French Grand Prix","1966-07-03",NULL,"http://en.wikipedia.org/wiki/1966_French_Grand_Prix"
"691","1966","2","13","Belgian Grand Prix","1966-06-12",NULL,"http://en.wikipedia.org/wiki/1966_Belgian_Grand_Prix"
"690","1966","1","6","Monaco Grand Prix","1966-05-22",NULL,"http://en.wikipedia.org/wiki/1966_Monaco_Grand_Prix"
"708","1965","10","32","Mexican Grand Prix","1965-10-24",NULL,"http://en.wikipedia.org/wiki/1965_Mexican_Grand_Prix"
"707","1965","9","46","United States Grand Prix","1965-10-03",NULL,"http://en.wikipedia.org/wiki/1965_United_States_Grand_Prix"
"706","1965","8","14","Italian Grand Prix","1965-09-12",NULL,"http://en.wikipedia.org/wiki/1965_Italian_Grand_Prix"
"705","1965","7","20","German Grand Prix","1965-08-01",NULL,"http://en.wikipedia.org/wiki/1965_German_Grand_Prix"
"704","1965","6","39","Dutch Grand Prix","1965-07-18",NULL,"http://en.wikipedia.org/wiki/1965_Dutch_Grand_Prix"
"703","1965","5","9","British Grand Prix","1965-07-10",NULL,"http://en.wikipedia.org/wiki/1965_British_Grand_Prix"
"702","1965","4","51","French Grand Prix","1965-06-27",NULL,"http://en.wikipedia.org/wiki/1965_French_Grand_Prix"
"701","1965","3","13","Belgian Grand Prix","1965-06-13",NULL,"http://en.wikipedia.org/wiki/1965_Belgian_Grand_Prix"
"700","1965","2","6","Monaco Grand Prix","1965-05-30",NULL,"http://en.wikipedia.org/wiki/1965_Monaco_Grand_Prix"
"699","1965","1","56","South African Grand Prix","1965-01-01",NULL,"http://en.wikipedia.org/wiki/1965_South_African_Grand_Prix"
"718","1964","10","32","Mexican Grand Prix","1964-10-25",NULL,"http://en.wikipedia.org/wiki/1964_Mexican_Grand_Prix"
"717","1964","9","46","United States Grand Prix","1964-10-04",NULL,"http://en.wikipedia.org/wiki/1964_United_States_Grand_Prix"
"716","1964","8","14","Italian Grand Prix","1964-09-06",NULL,"http://en.wikipedia.org/wiki/1964_Italian_Grand_Prix"
"715","1964","7","57","Austrian Grand Prix","1964-08-23",NULL,"http://en.wikipedia.org/wiki/1964_Austrian_Grand_Prix"
"714","1964","6","20","German Grand Prix","1964-08-02",NULL,"http://en.wikipedia.org/wiki/1964_German_Grand_Prix"
"713","1964","5","38","British Grand Prix","1964-07-11",NULL,"http://en.wikipedia.org/wiki/1964_British_Grand_Prix"
"712","1964","4","53","French Grand Prix","1964-06-28",NULL,"http://en.wikipedia.org/wiki/1964_French_Grand_Prix"
"711","1964","3","13","Belgian Grand Prix","1964-06-14",NULL,"http://en.wikipedia.org/wiki/1964_Belgian_Grand_Prix"
"710","1964","2","39","Dutch Grand Prix","1964-05-24",NULL,"http://en.wikipedia.org/wiki/1964_Dutch_Grand_Prix"
"709","1964","1","6","Monaco Grand Prix","1964-05-10",NULL,"http://en.wikipedia.org/wiki/1964_Monaco_Grand_Prix"
"728","1963","10","56","South African Grand Prix","1963-12-28",NULL,"http://en.wikipedia.org/wiki/1963_South_African_Grand_Prix"
"727","1963","9","32","Mexican Grand Prix","1963-10-27",NULL,"http://en.wikipedia.org/wiki/1963_Mexican_Grand_Prix"
"726","1963","8","46","United States Grand Prix","1963-10-06",NULL,"http://en.wikipedia.org/wiki/1963_United_States_Grand_Prix"
"725","1963","7","14","Italian Grand Prix","1963-09-08",NULL,"http://en.wikipedia.org/wiki/1963_Italian_Grand_Prix"
"724","1963","6","20","German Grand Prix","1963-08-04",NULL,"http://en.wikipedia.org/wiki/1963_German_Grand_Prix"
"723","1963","5","9","British Grand Prix","1963-07-20",NULL,"http://en.wikipedia.org/wiki/1963_British_Grand_Prix"
"722","1963","4","55","French Grand Prix","1963-06-30",NULL,"http://en.wikipedia.org/wiki/1963_French_Grand_Prix"
"721","1963","3","39","Dutch Grand Prix","1963-06-23",NULL,"http://en.wikipedia.org/wiki/1963_Dutch_Grand_Prix"
"720","1963","2","13","Belgian Grand Prix","1963-06-09",NULL,"http://en.wikipedia.org/wiki/1963_Belgian_Grand_Prix"
"719","1963","1","6","Monaco Grand Prix","1963-05-26",NULL,"http://en.wikipedia.org/wiki/1963_Monaco_Grand_Prix"
"737","1962","9","56","South African Grand Prix","1962-12-29",NULL,"http://en.wikipedia.org/wiki/1962_South_African_Grand_Prix"
"736","1962","8","46","United States Grand Prix","1962-10-07",NULL,"http://en.wikipedia.org/wiki/1962_United_States_Grand_Prix"
"735","1962","7","14","Italian Grand Prix","1962-09-16",NULL,"http://en.wikipedia.org/wiki/1962_Italian_Grand_Prix"
"734","1962","6","20","German Grand Prix","1962-08-05",NULL,"http://en.wikipedia.org/wiki/1962_German_Grand_Prix"
"733","1962","5","58","British Grand Prix","1962-07-21",NULL,"http://en.wikipedia.org/wiki/1962_British_Grand_Prix"
"732","1962","4","53","French Grand Prix","1962-07-08",NULL,"http://en.wikipedia.org/wiki/1962_French_Grand_Prix"
"731","1962","3","13","Belgian Grand Prix","1962-06-17",NULL,"http://en.wikipedia.org/wiki/1962_Belgian_Grand_Prix"
"730","1962","2","6","Monaco Grand Prix","1962-06-03",NULL,"http://en.wikipedia.org/wiki/1962_Monaco_Grand_Prix"
"729","1962","1","39","Dutch Grand Prix","1962-05-20",NULL,"http://en.wikipedia.org/wiki/1962_Dutch_Grand_Prix"
"745","1961","8","46","United States Grand Prix","1961-10-08",NULL,"http://en.wikipedia.org/wiki/1961_United_States_Grand_Prix"
"744","1961","7","14","Italian Grand Prix","1961-09-10",NULL,"http://en.wikipedia.org/wiki/1961_Italian_Grand_Prix"
"743","1961","6","20","German Grand Prix","1961-08-06",NULL,"http://en.wikipedia.org/wiki/1961_German_Grand_Prix"
"742","1961","5","58","British Grand Prix","1961-07-15",NULL,"http://en.wikipedia.org/wiki/1961_British_Grand_Prix"
"741","1961","4","55","French Grand Prix","1961-07-02",NULL,"http://en.wikipedia.org/wiki/1961_French_Grand_Prix"
"740","1961","3","13","Belgian Grand Prix","1961-06-18",NULL,"http://en.wikipedia.org/wiki/1961_Belgian_Grand_Prix"
"739","1961","2","39","Dutch Grand Prix","1961-05-22",NULL,"http://en.wikipedia.org/wiki/1961_Dutch_Grand_Prix"
"738","1961","1","6","Monaco Grand Prix","1961-05-14",NULL,"http://en.wikipedia.org/wiki/1961_Monaco_Grand_Prix"
"755","1960","10","60","United States Grand Prix","1960-11-20",NULL,"http://en.wikipedia.org/wiki/1960_United_States_Grand_Prix"
"754","1960","9","14","Italian Grand Prix","1960-09-04",NULL,"http://en.wikipedia.org/wiki/1960_Italian_Grand_Prix"
"753","1960","8","59","Portuguese Grand Prix","1960-08-14",NULL,"http://en.wikipedia.org/wiki/1960_Portuguese_Grand_Prix"
"752","1960","7","9","British Grand Prix","1960-07-16",NULL,"http://en.wikipedia.org/wiki/1960_British_Grand_Prix"
"751","1960","6","55","French Grand Prix","1960-07-03",NULL,"http://en.wikipedia.org/wiki/1960_French_Grand_Prix"
"750","1960","5","13","Belgian Grand Prix","1960-06-19",NULL,"http://en.wikipedia.org/wiki/1960_Belgian_Grand_Prix"
"749","1960","4","39","Dutch Grand Prix","1960-06-06",NULL,"http://en.wikipedia.org/wiki/1960_Dutch_Grand_Prix"
"747","1960","2","6","Monaco Grand Prix","1960-05-29",NULL,"http://en.wikipedia.org/wiki/1960_Monaco_Grand_Prix"
"746","1960","1","25","Argentine Grand Prix","1960-02-07",NULL,"http://en.wikipedia.org/wiki/1960_Argentine_Grand_Prix"
"764","1959","9","63","United States Grand Prix","1959-12-12",NULL,"http://en.wikipedia.org/wiki/1959_United_States_Grand_Prix"
"763","1959","8","14","Italian Grand Prix","1959-09-13",NULL,"http://en.wikipedia.org/wiki/1959_Italian_Grand_Prix"
"762","1959","7","62","Portuguese Grand Prix","1959-08-23",NULL,"http://en.wikipedia.org/wiki/1959_Portuguese_Grand_Prix"
"761","1959","6","61","German Grand Prix","1959-08-02",NULL,"http://en.wikipedia.org/wiki/1959_German_Grand_Prix"
"760","1959","5","58","British Grand Prix","1959-07-18",NULL,"http://en.wikipedia.org/wiki/1959_British_Grand_Prix"
"759","1959","4","55","French Grand Prix","1959-07-05",NULL,"http://en.wikipedia.org/wiki/1959_French_Grand_Prix"
"758","1959","3","39","Dutch Grand Prix","1959-05-31",NULL,"http://en.wikipedia.org/wiki/1959_Dutch_Grand_Prix"
"756","1959","1","6","Monaco Grand Prix","1959-05-10",NULL,"http://en.wikipedia.org/wiki/1959_Monaco_Grand_Prix"
"775","1958","11","64","Moroccan Grand Prix","1958-10-19",NULL,"http://en.wikipedia.org/wiki/1958_Moroccan_Grand_Prix"
"774","1958","10","14","Italian Grand Prix","1958-09-07",NULL,"http://en.wikipedia.org/wiki/1958_Italian_Grand_Prix"
"773","1958","9","59","Portuguese Grand Prix","1958-08-24",NULL,"http://en.wikipedia.org/wiki/1958_Portuguese_Grand_Prix"
"772","1958","8","20","German Grand Prix","1958-08-03",NULL,"http://en.wikipedia.org/wiki/1958_German_Grand_Prix"
"771","1958","7","9","British Grand Prix","1958-07-19",NULL,"http://en.wikipedia.org/wiki/1958_British_Grand_Prix"
"770","1958","6","55","French Grand Prix","1958-07-06",NULL,"http://en.wikipedia.org/wiki/1958_French_Grand_Prix"
"769","1958","5","13","Belgian Grand Prix","1958-06-15",NULL,"http://en.wikipedia.org/wiki/1958_Belgian_Grand_Prix"
"767","1958","3","39","Dutch Grand Prix","1958-05-26",NULL,"http://en.wikipedia.org/wiki/1958_Dutch_Grand_Prix"
"766","1958","2","6","Monaco Grand Prix","1958-05-18",NULL,"http://en.wikipedia.org/wiki/1958_Monaco_Grand_Prix"
"765","1958","1","25","Argentine Grand Prix","1958-01-19",NULL,"http://en.wikipedia.org/wiki/1958_Argentine_Grand_Prix"
"783","1957","8","14","Italian Grand Prix","1957-09-08",NULL,"http://en.wikipedia.org/wiki/1957_Italian_Grand_Prix"
"782","1957","7","65","Pescara Grand Prix","1957-08-18",NULL,"http://en.wikipedia.org/wiki/1957_Pescara_Grand_Prix"
"781","1957","6","20","German Grand Prix","1957-08-04",NULL,"http://en.wikipedia.org/wiki/1957_German_Grand_Prix"
"780","1957","5","58","British Grand Prix","1957-07-20",NULL,"http://en.wikipedia.org/wiki/1957_British_Grand_Prix"
"779","1957","4","53","French Grand Prix","1957-07-07",NULL,"http://en.wikipedia.org/wiki/1957_French_Grand_Prix"
"777","1957","2","6","Monaco Grand Prix","1957-05-19",NULL,"http://en.wikipedia.org/wiki/1957_Monaco_Grand_Prix"
"776","1957","1","25","Argentine Grand Prix","1957-01-13",NULL,"http://en.wikipedia.org/wiki/1957_Argentine_Grand_Prix"
"791","1956","8","14","Italian Grand Prix","1956-09-02",NULL,"http://en.wikipedia.org/wiki/1956_Italian_Grand_Prix"
"790","1956","7","20","German Grand Prix","1956-08-05",NULL,"http://en.wikipedia.org/wiki/1956_German_Grand_Prix"
"789","1956","6","9","British Grand Prix","1956-07-14",NULL,"http://en.wikipedia.org/wiki/1956_British_Grand_Prix"
"788","1956","5","55","French Grand Prix","1956-07-01",NULL,"http://en.wikipedia.org/wiki/1956_French_Grand_Prix"
"787","1956","4","13","Belgian Grand Prix","1956-06-03",NULL,"http://en.wikipedia.org/wiki/1956_Belgian_Grand_Prix"
"785","1956","2","6","Monaco Grand Prix","1956-05-13",NULL,"http://en.wikipedia.org/wiki/1956_Monaco_Grand_Prix"
"784","1956","1","25","Argentine Grand Prix","1956-01-22",NULL,"http://en.wikipedia.org/wiki/1956_Argentine_Grand_Prix"
"798","1955","7","14","Italian Grand Prix","1955-09-11",NULL,"http://en.wikipedia.org/wiki/1955_Italian_Grand_Prix"
"797","1955","6","58","British Grand Prix","1955-07-16",NULL,"http://en.wikipedia.org/wiki/1955_British_Grand_Prix"
"796","1955","5","39","Dutch Grand Prix","1955-06-19",NULL,"http://en.wikipedia.org/wiki/1955_Dutch_Grand_Prix"
"795","1955","4","13","Belgian Grand Prix","1955-06-05",NULL,"http://en.wikipedia.org/wiki/1955_Belgian_Grand_Prix"
"793","1955","2","6","Monaco Grand Prix","1955-05-22",NULL,"http://en.wikipedia.org/wiki/1955_Monaco_Grand_Prix"
"792","1955","1","25","Argentine Grand Prix","1955-01-16",NULL,"http://en.wikipedia.org/wiki/1955_Argentine_Grand_Prix"
"807","1954","9","67","Spanish Grand Prix","1954-10-24",NULL,"http://en.wikipedia.org/wiki/1954_Spanish_Grand_Prix"
"806","1954","8","14","Italian Grand Prix","1954-09-05",NULL,"http://en.wikipedia.org/wiki/1954_Italian_Grand_Prix"
"805","1954","7","66","Swiss Grand Prix","1954-08-22",NULL,"http://en.wikipedia.org/wiki/1954_Swiss_Grand_Prix"
"804","1954","6","20","German Grand Prix","1954-08-01",NULL,"http://en.wikipedia.org/wiki/1954_German_Grand_Prix"
"803","1954","5","9","British Grand Prix","1954-07-17",NULL,"http://en.wikipedia.org/wiki/1954_British_Grand_Prix"
"802","1954","4","55","French Grand Prix","1954-07-04",NULL,"http://en.wikipedia.org/wiki/1954_French_Grand_Prix"
"801","1954","3","13","Belgian Grand Prix","1954-06-20",NULL,"http://en.wikipedia.org/wiki/1954_Belgian_Grand_Prix"
"799","1954","1","25","Argentine Grand Prix","1954-01-17",NULL,"http://en.wikipedia.org/wiki/1954_Argentine_Grand_Prix"
